Env,Group,ServerName
Prod,FORM,rp000150814
Prod,FORM,rp000150811
Prod,FORM,rp000150813
Prod,FORM,rp000150812
Stage,FORM,rn000151114
Stage,FORM,rn000151113
Dev,FORM,rn000151420
Prod,RDUR,rp000157437
Prod,RDUR,rp000157436
Prod,RDUR,rp000157439
Prod,RDUR,rp000157438
Stage,RDUR,rn000157441
Stage,RDUR,rn000157442
Dev,RDUR,rn000157448
Prod,PADS,rp000152836
Prod,PADS,rp000152837
Prod,PADS,rp000152839
Prod,PADS,rp000152838
Stage,PADS,rn000152757
Stage,PADS,rn000152758
Dev,PADS,rn000152840
Prod,REBS,rp000148527
Prod,REBS,rp000148528
Prod,REBS,rp000148529
Prod,REBS,rp000148526
Stage,REBS,rn000152834
Stage,REBS,rn000152835
Dev,REBS,rn000152817
,,
